Id,EmployeeId,FirstName,LastName,Age,EmailAddress
1,1,Peter,Jackson,59,peter@gmail.com
2,2,Michael,Jordan,58,michael@gmail.com
3,3,Arnold,Schwarzenegger,73,arnold@gmail.com
4,4,Jackie,Chan, 67,jackie@gmail.com
0,342,Webinar,list,24352,niquitos@yandex.ru
0,245,Webinar,list,245,niquitos@yandex.ru
0,245,Webinar,list,254,niquitos@yandex.ru
0,356,Webinar,list,356,niquitos@yandex.ru
0,3563,Webinar,list,356,niquitos@yandex.ru
0,3567,Webinar,list,356,niquitos@yandex.ru
0,345,Webinar,list,245,niquitos@yandex.ru
0,2542,Webinar,list,356,niquitos@yandex.ru
0,245,Webinar,list,2345,niquitos@yandex.ru